Nombre de points, Temps d'exécution (ms)
10, 0.000172028
20, 0.00149506
30, 0.00368513
40, 0.00886115
50, 0.0158734
60, 0.0257402
70, 0.038616
80, 0.0557006
90, 0.0828484
100, 0.103699
