Nombre de points, Temps d'exécution (s)
10, 0.000237282
20, 0.00117801
30, 0.00494912
40, 0.0119515
50, 0.0219591
60, 0.0441873
70, 0.0551217
80, 0.0865601
90, 0.130652
100, 0.188772
110, 0.249428
120, 0.321065
130, 0.416036
140, 0.593872
150, 0.705531
160, 0.850555
170, 1.03251
180, 1.22309
190, 1.41359
200, 1.67487
