Nombre de points, Temps d'exécution (s)
10, 4.2912e-05
20, 0.000322374
30, 0.00142116
40, 0.00362184
50, 0.00942101
60, 0.0117841
70, 0.0224247
80, 0.0510574
90, 0.090831
100, 0.110749
110, 0.166953
120, 0.233839
130, 0.327079
140, 0.438741
150, 0.558386
160, 0.763031
170, 0.929135
180, 1.23741
190, 1.46067
200, 1.73804
