Nombre de points, Temps d'exécution (ms)
10, 3.644e-05
20, 0.000274954
30, 0.000782582
40, 0.00184121
50, 0.00425365
60, 0.00967295
70, 0.0169666
80, 0.0285367
90, 0.0414677
100, 0.0608606
